<?xml version='1.0' encoding='UTF-8' ?>
<timeLogEntries>
  <time path="/Proyecto/new&#10;/Proyecto/Ahorcado" flag="R" />
  <time id="1" path="/Proyecto/Ahorcado/PSP0/Planning" start="@1638616727186" delta="2" flag="A" />
  <time id="2" path="/Proyecto/Ahorcado/PSP0/Design" start="@1638617693187" delta="22" flag="A" />
  <time id="3" path="/Proyecto/Ahorcado/PSP0/Code" start="@1638619058457" delta="14" flag="A" />
  <time id="4" path="/Proyecto/Ahorcado/PSP0/Compile" start="@1638619917346" delta="2" flag="A" />
  <time id="5" path="/Proyecto/Ahorcado/PSP0/Code" start="@1638620029684" delta="19" flag="A" />
  <time id="6" path="/Proyecto/Ahorcado/PSP0/Compile" start="@1638621164754" delta="2" flag="A" />
  <time id="7" path="/Proyecto/Ahorcado/PSP0/Test" start="@1638621308468" delta="6" flag="A" />
  <time id="8" path="/Proyecto/Ahorcado/PSP0/Postmortem" start="@1638621795368" delta="2" flag="A" />
  <time id="9" path="/Proyecto/Ahorcado/PSP0/Planning" start="@1638621927600" delta="1" flag="A" />
  <time id="10" path="/Proyecto/Ahorcado/PSP0/Design" start="@1638621929236" delta="1" flag="A" />
  <time id="11" path="/Proyecto/Ahorcado/PSP0/Code" start="@1638621930205" delta="1" flag="A" />
  <time id="12" path="/Proyecto/Ahorcado/PSP0/Test" start="@1638621931957" delta="1" flag="A" />
  <time id="13" path="/Proyecto/Ahorcado/PSP0/Postmortem" start="@1638621932655" flag="A" />
</timeLogEntries>
